"번호",부문,업종,업체명,추가 할당량(2021년),추가 할당량(2022년),추가 할당량(2023년),추가 할당량(2024년),추가 할당량(2025년)
1,산업,기타 식품 제조업,(주)MSC,0,0,456,1557,0
2,전환,"증기, 냉ㆍ온수 및 공기 조절 공급업",GS파워,211092,1188503,234159,1761152,0
3,폐기물,폐기물 처리업,강릉시,0,0,12586,32750,0
4,폐기물,폐기물 처리업,거제시,180,222,266,2229,0
5,폐기물,폐기물 처리업,경산시,0,0,3016,4471,0
6,폐기물,폐기물 처리업,경주시,0,7,229,182,0
7,폐기물,폐기물 처리업,고양시,15,287,300,285,0
8,폐기물,폐기물 처리업,광양시,0,0,0,8593,0
9,폐기물,폐기물 처리업,구미시,31013,21527,9712,25097,0
10,폐기물,폐기물 처리업,군산시,31239,35883,37427,41064,0
11,폐기물,폐기물 처리업,군포시,4453,4579,4748,4643,0
12,폐기물,"하수, 폐수 및 분뇨 처리업",김천시,177,55,158,154,0
13,폐기물,폐기물 처리업,김포시,0,25876,27255,26597,0
14,폐기물,폐기물 처리업,김해시,122,880,2174,941,0
15,산업,의약품 제조업,녹십자,21430,21723,19407,21375,0
16,폐기물,폐기물 처리업,목포시,0,10332,11007,10663,0
17,폐기물,폐기물 처리업,보령시,8306,8426,9055,8635,0
18,폐기물,"하수, 폐수 및 분뇨 처리업",부천시,0,19,19,17,0
19,폐기물,폐기물 처리업,수원시,330,25246,18289,7978,0
20,폐기물,"하수, 폐수 및 분뇨 처리업",순천시,0,0,31,33,0
21,폐기물,폐기물 처리업,시흥시,2737,1867,1969,4188,0
22,폐기물,폐기물 처리업,아산시,44264,43450,41823,34760,0
23,폐기물,"하수, 폐수 및 분뇨 처리업",안양시,3,0,0,235,0
24,폐기물,폐기물 처리업,양산시,1,0,0,274,0
25,폐기물,폐기물 처리업,양주시,0,1319,1320,1476,0
26,폐기물,폐기물 처리업,영주시,0,0,0,8539,0
27,폐기물,폐기물 처리업,용인시,5900,6776,6265,5531,0
28,폐기물,"하수, 폐수 및 분뇨 처리업",원주시,1156,1899,1871,1860,0
29,폐기물,폐기물 처리업,이천시,2774,561,589,971,0
30,폐기물,폐기물 처리업,익산시,846,1215,0,1237,0
31,폐기물,폐기물 처리업,전주시,0,25,65,59,0
32,폐기물,"하수, 폐수 및 분뇨 처리업",제천시,0,0,343,258,0
33,폐기물,폐기물 처리업,진주시,0,19736,62205,57868,0
34,폐기물,폐기물 처리업,창원시,113,0,0,1035,0
35,폐기물,폐기물 처리업,천안시,199,6125,236,396,0
36,폐기물,폐기물 처리업,청주시,893,1047,1573,21862,0
37,폐기물,폐기물 처리업,춘천시,378,310,367,0,0
38,폐기물,폐기물 처리업,충주시,153,0,1299,0,0
39,폐기물,폐기물 처리업,통영시,6146,5670,5669,5457,0
40,폐기물,폐기물 처리업,파주시,0,70,73,2030,0
41,폐기물,"하수, 폐수 및 분뇨 처리업",평택시,688,3916,4970,5828,0
42,폐기물,폐기물 처리업,포천시,0,0,329,806,0
43,폐기물,폐기물 처리업,포항시,1285,1452,1279,1347,0
44,폐기물,폐기물 처리업,하남시,2712,3094,3340,3318,0
45,폐기물,폐기물 처리업,화성시,2993,6637,7839,11724,0
46,산업,나무제품 제조업,(주)SUN&L,0,0,0,3057,0
47,산업,석유 정제품 제조업,S-Oil(주),311750,251649,246706,394227,0
48,산업,선박 및 보트 건조업,(주)건화,14157,15502,13125,9867,0
49,산업,1차 비철금속 제조업,(주)동남,0,1974,1863,1571,0
50,수송,도로 화물 운송업,(주)동방,9690,13085,13697,13542,0
51,산업,유리 및 유리제품 제조업,(주)벽산,1027,6264,36624,33759,0
52,산업,절연선 및 케이블 제조업,(주)삼동,0,0,288,78,0
53,산업,"내화, 비내화 요업제품 제조업",(주)삼현,0,0,76,0,0
54,산업,기타 식품 제조업,(주)서흥,6929,3152,2357,2647,0
55,전환,"증기, 냉ㆍ온수 및 공기 조절 공급업",(주)씨텍,205430,357518,389750,327374,0
56,산업,"시멘트, 석회, 플라스터 및 그 외 제품 제조업",(주)우룡,0,1024,4495,0,0
57,산업,자동차 신품 부품 제조업,(주)코넥,0,0,0,3105,0
58,산업,기타 금속 가공제품 제조업,(주)태상,0,0,1525,0,0
59,산업,"도축, 육류 가공 및 저장 처리업",(주)하림,15077,15043,15210,15170,0
60,산업,기타 화학제품 제조업,(주)한화,0,17709,20574,23997,0
61,수송,항공 여객 운송업,대한항공,0,3040,0,0,0
62,산업,기초 의약 물질 및 생물학적 제제 제조업,셀트리온,0,0,4935,6731,0
63,산업,전자 부품 제조업,엘앤에프,55767,85779,113806,106981,0
64,폐기물,"하수, 폐수 및 분뇨 처리업",의정부시,3,4,9,4,0
65,산업,기초 화학물질 제조업,재원산업,3288,3514,0,0,0
66,산업,"시멘트, 석회, 플라스터 및 그 외 제품 제조업",케이씨씨,0,0,26657,12297,0
67,전환,"증기, 냉ㆍ온수 및 공기 조절 공급업",(주)삼천리,4895,5855,13538,10058,0
68,건물,종합 소매업,(주)신세계,0,0,0,601,0
69,전환,"증기, 냉ㆍ온수 및 공기 조절 공급업",(주)엔이티,8677,0,0,0,0
70,산업,기타 식품 제조업,(주)오뚜기,34304,33961,33377,34216,0
71,산업,기타 식품 제조업,(주)오리온,0,0,0,225,0
72,건물,종합 소매업,(주)이마트,0,0,589,40710,0
73,산업,"도축, 육류 가공 및 저장 처리업",(주)참프레,10561,8879,8776,8871,0
74,산업,자동차 신품 부품 제조업,(주)코다코,0,16696,17246,15920,0
75,산업,특수 목적용 기계 제조업,세메스(주),0,4040,3192,6561,0
76,건물,고등 교육기관,경북대학교,2570,2783,2702,3441,0
77,폐기물,폐기물 처리업,광주광역시,2,0,0,7239,0
78,폐기물,폐기물 처리업,대구광역시,1872,0,0,7866,0
79,폐기물,폐기물 처리업,대전광역시,2,642,812,0,0
80,폐기물,폐기물 처리업,부산광역시,2153,7048,19723,16705,0
81,산업,"시멘트, 석회, 플라스터 및 그 외 제품 제조업",삼표시멘트,0,0,193424,0,0
82,폐기물,폐기물 처리업,서울특별시,74924,25583,49576,29432,0
83,폐기물,폐기물 처리업,울산광역시,6752,17770,17877,17677,0
84,폐기물,폐기물 처리업,인천광역시,3288,4701,5427,6283,0
85,건물,고등 교육기관,전남대학교,0,331,435,1256,0
86,건물,고등 교육기관,전북대학교,5523,5392,5587,5571,0
87,산업,기초 화학물질 제조업,코스모화학,19636,18739,9322,21298,0
88,산업,반도체 제조업,LB세미콘(주),0,0,23992,25089,0
89,산업,전기 통신업,SKbroadband(주),72673,98509,127874,155750,0
90,폐기물,폐기물 처리업,(유)남해환경,0,0,0,415,0
91,수송,육상 여객 운송업,(주)경남고속,0,5,0,0,0
92,수송,도로 화물 운송업,(주)농협물류,756,221,383,0,0
93,산업,"펄프, 종이 및 판지 제조업",(주)대림제지,9615,10088,10278,11084,0
94,수송,육상 여객 운송업,(주)대원버스,0,0,898,778,0
95,산업,"시멘트, 석회, 플라스터 및 그 외 제품 제조업",(주)대유코아,42112,40630,37990,30809,0
96,산업,"펄프, 종이 및 판지 제조업",(주)대화제지,0,0,86,0,0
97,산업,자동차 신품 부품 제조업,(주)동서기공,9711,8323,13185,15968,0
98,폐기물,폐기물 처리업,(주)동양환경,0,11713,15441,18042,0
99,산업,전자 부품 제조업,(주)디에이피,34514,33321,34221,33717,0
100,산업,"펄프, 종이 및 판지 제조업",(주)모나리자,0,0,0,1828,0
101,산업,자동차 신품 부품 제조업,(주)삼원강재,2018,2340,767,0,0
102,산업,1차 철강 제조업,(주)세아씨엠,0,0,2690,10466,0
103,산업,1차 철강 제조업,(주)세아제강,0,0,948,0,0
104,폐기물,폐기물 처리업,(주)애니테크,0,0,0,9563,0
105,전환,전기업,(주)에스파워,20448,213527,860714,0,0
106,산업,"섬유제품 염색, 정리 및 마무리 가공업",(주)영신물산,3420,0,0,0,0
107,산업,기초 화학물질 제조업,(주)제이엠씨,531,1070,508,0,0
108,산업,반도체 제조업,(주)케이이씨,222,209,0,0,0
109,산업,1차 철강 제조업,(주)한국특강,0,6139,27750,39084,0
110,산업,"펄프, 종이 및 판지 제조업",(주)한창제지,0,11884,44345,44672,0
111,산업,합성고무 및 플라스틱 물질 제조업,국도화학(주),0,6440,11551,13217,0
112,수송,육상 여객 운송업,금호고속(주),0,3035,3329,3197,0
113,산업,낙농제품 및 식용 빙과류 제조업,남양유업(주),0,1561,0,0,0
114,산업,"시멘트, 석회, 플라스터 및 그 외 제품 제조업",담우물산(주),0,0,0,28,0
115,산업,금속 주조업,대동금속(주),1314,5441,1718,0,0
116,산업,자동차 신품 부품 제조업,대원강업(주),23133,0,24744,23496,0
117,산업,"섬유제품 염색, 정리 및 마무리 가공업",대한방직(주),54,0,0,0,0
118,산업,1차 철강 제조업,동국산업(주),5889,0,0,0,0
119,건물,부동산 임대 및 공급업,롯데물산(주),0,0,0,215,0
120,산업,1차 철강 제조업,만호제강(주),13722,13038,11976,10997,0
121,산업,낙농제품 및 식용 빙과류 제조업,매일유업(주),0,3,0,0,0
122,산업,자동차 신품 부품 제조업,명화공업(주),0,0,10827,10274,0
123,산업,기타 식품 제조업,삼양식품(주),12935,18876,24806,32072,0
124,산업,일차전지 및 축전지 제조업,세방전지(주),0,0,0,1039,0
125,산업,플라스틱 제품 제조업,율촌화학(주),43727,42480,38062,34387,0
126,산업,1차 비철금속 제조업,이구산업(주),0,0,0,1089,0
127,산업,1차 철강 제조업,일진제강(주),12980,10543,7933,7189,0
128,수송,항공 여객 운송업,제주항공(주),72341,78973,0,0,0
129,산업,고무제품 제조업,평화산업(주),0,2451,2529,2487,0
130,전환,전기업,포천파워(주),244660,602663,823870,0,0
131,산업,의약품 제조업,한미약품(주),26869,25726,27538,36270,0
132,산업,선박 및 보트 건조업,한화오션(주),0,0,0,9205,0
133,수송,육상 여객 운송업,인천교통공사,10091,13583,14271,0,0
134,산업,화학섬유 제조업,티케이케미칼,0,1712,1587,1707,0
135,산업,반도체 제조업,하나마이크론,962,5567,4200,2357,0
136,전환,연료용 가스 제조 및 배관공급업,한국가스공사,0,7411,1014,0,0
137,건물,기타 운송관련 서비스업,한국공항공사,39210,41866,45832,43392,0
138,전환,전기업,한국남동발전,226512,623395,1326705,1330951,0
139,전환,전기업,한국서부발전,1009822,0,2620800,3354195,0
140,전환,전기업,한국전력공사,0,0,0,2632,2632
141,전환,전기업,한국중부발전,3114055,3983377,3638141,2977976,0
142,수송,도로 화물 운송업,CJ대한통운(주),4111,10024,14196,16369,0
143,산업,"곡물 가공품, 전분 및 전분제품 제조업",대상 주식회사,0,3333,0,0,0
144,산업,합성고무 및 플라스틱 물질 제조업,디엘 주식회사,0,53,0,0,0
145,산업,기타 식품 제조업,주식회사 농심,222,310,391,677,33
146,산업,1차 비철금속 제조업,주식회사 대창,3957,0,0,0,0
147,폐기물,폐기물 처리업,주식회사 범우,188,672,897,796,0
148,산업,자동차 신품 부품 제조업,주식회사 삼기,8369,8787,9398,8233,0
149,산업,유리 및 유리제품 제조업,주식회사 수석,10261,0,0,0,0
150,산업,전자 부품 제조업,주식회사 심텍,0,0,0,1423,0
151,산업,기타 섬유제품 제조업,주식회사 효성,0,44,45,22,0
152,산업,"시멘트, 석회, 플라스터 및 그 외 제품 제조업",(주)강동씨앤엘,0,0,0,8208,0
153,산업,플라스틱 제품 제조업,(주)동신포리마,3960,6097,2570,5716,0
154,산업,"펄프, 종이 및 판지 제조업",(주)미래페이퍼,0,0,0,2200,0
155,산업,1차 철강 제조업,(주)세아특수강,27689,0,27019,30232,0
156,산업,"펄프, 종이 및 판지 제조업",(주)아진피앤피,5773,12463,14131,15244,0
157,수송,항공 여객 운송업,(주)이스타항공,148294,148294,148294,148332,148294
158,산업,자동차 신품 부품 제조업,(주)일진글로벌,68031,71253,70398,78395,0
159,산업,담배 제조업,(주)케이티앤지,5931,7744,8430,7325,0
160,산업,1차 철강 제조업,(주)티씨씨스틸,0,48,3189,0,0
161,산업,기초 화학물질 제조업,(주)한솔케미칼,9576,10218,0,0,0
162,건물,종합 소매업,(주)현대백화점,23808,24337,24458,25640,0
163,산업,플라스틱 제품 제조업,(주)현대엘앤씨,5319,5512,4668,4282,0
164,산업,의약품 제조업,JW 생명과학(주),280,52,0,0,0
165,산업,고무제품 제조업,금호타이어(주),0,0,0,36,0
166,산업,"시멘트, 석회, 플라스터 및 그 외 제품 제조업",대성지엠텍(주),0,0,0,23,0
167,수송,도로 화물 운송업,동원로엑스(주),10525,8087,5169,5537,0
168,산업,자동차 신품 부품 제조업,디엘모터스(주),7020,9027,8584,8453,0
169,산업,"펄프, 종이 및 판지 제조업",무림피앤피(주),0,1,0,0,0
170,산업,1차 비철금속 제조업,삼목에스폼(주),3798,3836,3449,0,0
171,산업,"펄프, 종이 및 판지 제조업",신대양제지(주),0,3242,31809,35999,0
172,산업,"시멘트, 석회, 플라스터 및 그 외 제품 제조업",쌍용씨앤이(주),784260,964374,1048684,1065183,0
173,산업,"펄프, 종이 및 판지 제조업",아세아제지(주),0,23692,0,0,0
174,산업,기초 화학물질 제조업,애경케미칼(주),9318,26988,26818,23462,0
175,산업,1차 철강 제조업,진양특수강(주),3259,2777,0,0,0
176,산업,알코올 음료 제조업,하이트진로(주),0,204,0,0,0
177,산업,플라스틱 제품 제조업,한국쓰리엠(주),0,15468,13521,13084,0
178,산업,"시멘트, 석회, 플라스터 및 그 외 제품 제조업",한국씨엔티(주),14682,14442,11793,0,0
179,산업,자동차 신품 부품 제조업,현대모비스(주),20967,10376,16058,20420,0
180,전환,전기업,동두천드림파워,0,721414,1233222,0,0
181,건물,병원,서울대학교병원,8323,8146,8365,7886,0
182,전환,"증기, 냉ㆍ온수 및 공기 조절 공급업",서울에너지공사,0,44167,36338,19815,0
183,폐기물,"하수, 폐수 및 분뇨 처리업",세종특별자치시,0,0,0,406,0
184,건물,고등 교육기관,울산과학기술원,0,0,2704,2808,0
185,전환,"증기, 냉ㆍ온수 및 공기 조절 공급업",인천공항에너지,3031,3897,0,0,0
186,폐기물,폐기물 처리업,제주특별자치도,0,0,0,7961,0
187,전환,전기업,지에스이피에스,128087,654889,1884160,0,0
188,산업,기초 화학물질 제조업,케이씨주식회사,30,0,193,194,0
189,건물,고등 교육기관,한국과학기술원,0,0,256,1086,0
190,전환,전기업,한국수력원자력,338631,337095,0,465997,0
191,공공ㆍ기타,수도업,한국수자원공사,0,3885,3862,5099,0
192,산업,"자료 처리, 호스팅, 포털 및 기타 인터넷 정보 매개 서비스업",네이버 주식회사,8259,18698,20110,49478,0
193,전환,"증기, 냉ㆍ온수 및 공기 조절 공급업",제이비 주식회사,11740,8009,8834,13274,0
194,산업,"곡물 가공품, 전분 및 전분제품 제조업",주식회사 삼양사,1001,0,0,30,0
195,수송,항공 여객 운송업,주식회사 진에어,97145,98716,33627,33338,0
196,산업,기초 화학물질 제조업,주식회사 카프로,6942,0,0,0,0
197,산업,전기 통신업,주식회사 케이티,176789,213344,267294,335941,0
198,산업,1차 철강 제조업,주식회사 포스코,0,301065,0,0,0
199,전환,"증기, 냉ㆍ온수 및 공기 조절 공급업",(주)부산도시가스,0,0,3949,20,0
200,산업,일차전지 및 축전지 제조업,(주)에코프로비엠,0,0,39868,0,0
201,산업,유리 및 유리제품 제조업,(주)엘엑스글라스,0,0,0,71,0
202,산업,"컴퓨터 프로그래밍, 시스템 통합 및 관리업",(주)엘지씨엔에스,84943,88442,85624,84987,0
203,산업,전자 부품 제조업,(주)이수페타시스,140,0,3934,172,0
204,수송,해상 운송업,(주)제양항공해운,0,12,7,9,0
205,폐기물,폐기물 처리업,(주)케이비아이텍,0,0,0,5,0
206,산업,전자 부품 제조업,(주)코리아써키트,0,7345,19433,17440,0
207,폐기물,폐기물 처리업,네이처이앤티(주),0,0,68,150,0
208,전환,"증기, 냉ㆍ온수 및 공기 조절 공급업",대구그린파워(주),42864,0,0,0,0
209,산업,"시멘트, 석회, 플라스터 및 그 외 제품 제조업",대성엠디아이(주),11353,11079,10979,12197,0
210,산업,"펄프, 종이 및 판지 제조업",대양제지공업(주),55889,54706,59840,64731,0
211,산업,유리 및 유리제품 제조업,동원시스템즈(주),60605,62730,54770,0,0
212,폐기물,폐기물 처리업,서해그린환경(주),0,0,18657,28113,0
213,수송,육상 여객 운송업,수원여객운수(주),0,0,25346,0,0
214,산업,전기 통신업,엘지유플러스(주),261360,344295,406601,450330,0
215,산업,유리 및 유리제품 제조업,케이씨글라스(주),0,0,4054,9699,0
216,산업,기타 화학제품 제조업,코스모신소재(주),10224,5450,12624,22396,0
217,전환,전기업,포스코에너지(주),440457,174200,0,0,0
218,산업,기초 화학물질 제조업,한국알콜산업(주),0,0,0,474,0
219,산업,선박 및 보트 건조업,대한조선주식회사,0,0,0,34572,0
220,건물,병원,아주대학교의료원,41,217,215,0,0
221,산업,합성고무 및 플라스틱 물질 제조업,울산피피주식회사,0,0,0,77,0
222,전환,"증기, 냉ㆍ온수 및 공기 조절 공급업",한국지역난방공사,0,409897,0,0,0
223,전환,"증기, 냉ㆍ온수 및 공기 조절 공급업",한국토지주택공사,20415,32700,21260,28277,0
224,산업,자동차 신품 부품 제조업,한황산업주식회사,13228,13573,13952,13180,0
225,산업,"펄프, 종이 및 판지 제조업",경산제지 주식회사,985,5812,9587,7643,0
226,산업,전자 부품 제조업,대덕전자 주식회사,0,8008,9390,0,0
227,산업,기초 화학물질 제조업,대한유화 주식회사,0,0,38569,49477,0
228,산업,절연선 및 케이블 제조업,대한전선 주식회사,0,0,0,3633,0
229,건물,종합 소매업,롯데쇼핑 주식회사,0,0,56835,56410,0
230,건물,일반 및 생활 숙박시설 운영업,모나용평 주식회사,0,1428,1278,1246,0
231,산업,기초 화학물질 제조업,백광산업 주식회사,0,0,0,2073,0
232,산업,1차 비철금속 제조업,삼보산업 주식회사,0,28696,28065,15170,0
233,산업,전자 부품 제조업,삼성전기 주식회사,0,1592,0,0,0
234,산업,반도체 제조업,삼성전자 주식회사,2102939,3495237,3746520,4327526,5322
235,폐기물,폐기물 처리업,씨이케이 주식회사,0,1153,0,0,0
236,산업,"컴퓨터 프로그래밍, 시스템 통합 및 관리업",에스케이 주식회사,74142,93811,109053,116858,0
237,수송,항공 여객 운송업,에어서울 주식회사,0,0,0,0,66893
238,산업,반도체 제조업,엘지전자 주식회사,411097,0,0,0,0
239,산업,자동차 신품 부품 제조업,유니투스 주식회사,0,15817,14440,12335,0
240,산업,"펄프, 종이 및 판지 제조업",주식회사 고려제지,0,0,0,9646,0
241,폐기물,폐기물 처리업,주식회사 그린밸리,0,0,0,14,0
242,전환,"증기, 냉ㆍ온수 및 공기 조절 공급업",주식회사 대륜발전,88690,263656,124684,124380,124380
243,산업,1차 비철금속 제조업,주식회사 세진메탈,5451,4326,3749,0,0
244,산업,기초 화학물질 제조업,주식회사 엘지화학,849739,1229193,0,1244437,0
245,건물,일반 및 생활 숙박시설 운영업,주식회사 호텔롯데,0,1457,305,10013,0
246,폐기물,폐기물 처리업,코어엔텍 주식회사,0,0,0,11,0
247,건물,고등 교육기관,학교법인 이화학당,33999,35717,36071,35449,0
248,건물,고등 교육기관,학교법인 한양학원,0,377,387,392,0
249,산업,자동차 신품 부품 제조업,현대위아 주식회사,0,0,0,70037,76518
250,산업,1차 철강 제조업,현대제철 주식회사,0,0,661,573,0
251,산업,기초 화학물질 제조업,효성화학 주식회사,3,194,0,0,0
252,산업,유리 및 유리제품 제조업,(주)베르상스퍼시픽,43,39,0,0,0
253,전환,"증기, 냉ㆍ온수 및 공기 조절 공급업",내포그린에너지(주),0,0,0,1837803,0
254,산업,"컴퓨터 프로그래밍, 시스템 통합 및 관리업",롯데이노베이트(주),15428,31856,36350,40736,0
255,산업,반도체 제조업,매그나칩반도체(유),0,0,0,982,0
256,전환,"증기, 냉ㆍ온수 및 공기 조절 공급업",부산정관에너지(주),0,4327,3767,0,0
257,산업,"컴퓨터 프로그래밍, 시스템 통합 및 관리업",삼성에스디에스(주),0,12600,40683,39527,2392
258,산업,"펄프, 종이 및 판지 제조업",신대양제지반월(주),0,0,0,20359,0
259,수송,해상 운송업,씨월드고속훼리(주),0,13293,18359,23224,0
260,산업,합성고무 및 플라스틱 물질 제조업,에스케이케미칼(주),122983,105945,48955,60545,0
261,산업,"내화, 비내화 요업제품 제조업",유니온머티리얼(주),7921,0,0,0,0
262,전환,"증기, 냉ㆍ온수 및 공기 조절 공급업",인천종합에너지(주),128355,105232,126869,0,0
263,산업,전자 부품 제조업,일진디스플레이(주),0,1683,1719,2211,0
264,산업,화학섬유 제조업,코오롱머티리얼(주),331,332,332,328,328
265,산업,유리 및 유리제품 제조업,하이트진로산업(주),1061,1116,1011,1089,0
266,산업,플라스틱 제품 제조업,한국니토옵티칼(주),0,616,0,240,0
267,산업,합성고무 및 플라스틱 물질 제조업,금호폴리켐주식회사,0,0,0,520,0
268,산업,기타 금속 가공제품 제조업,서한이앤피주식회사,1500,1241,1633,934,0
269,산업,"시멘트, 석회, 플라스터 및 그 외 제품 제조업",한라시멘트주식회사,0,0,143349,0,0
270,전환,"증기, 냉ㆍ온수 및 공기 조절 공급업",한화에너지주식회사,133139,240270,267367,410093,0
271,산업,플라스틱 제품 제조업,더블유씨피 주식회사,0,0,8259,18169,0
272,건물,부동산 임대 및 공급업,동국홀딩스 주식회사,0,0,497,0,0
273,산업,합성고무 및 플라스틱 물질 제조업,디엘케미칼 주식회사,36408,26589,17319,29510,0
274,산업,기초 화학물질 제조업,롯데케미칼 주식회사,0,11465,6845,6781,6781
275,산업,기초 화학물질 제조업,린데코리아 주식회사,70198,173345,244190,261619,0
276,전환,"증기, 냉ㆍ온수 및 공기 조절 공급업",별내에너지 주식회사,61221,37804,0,0,0
277,산업,선박 및 보트 건조업,삼성중공업 주식회사,0,0,2,38,38
278,산업,기초 화학물질 제조업,삼양이노켐 주식회사,2688,11575,7846,10914,0
279,전환,"증기, 냉ㆍ온수 및 공기 조절 공급업",수완에너지 주식회사,1130,11326,0,0,0
280,산업,기초 화학물질 제조업,어프로티움 주식회사,0,0,1811,0,0
281,산업,일차전지 및 축전지 제조업,에스케이온 주식회사,0,0,0,257,0
282,산업,전자 부품 제조업,엘지이노텍 주식회사,2669,0,9826,14187,0
283,산업,기초 화학물질 제조업,여천엔씨씨 주식회사,452343,0,347335,327647,0
284,산업,반도체 제조업,웅진에너지 주식회사,6408,0,0,0,0
285,산업,1차 비철금속 제조업,조일알미늄 주식회사,0,0,11,9,0
286,산업,기초 화학물질 제조업,주식회사 동성케미컬,10289,10615,9816,10188,0
287,산업,1차 비철금속 제조업,주식회사 디에스단석,42837,43247,34773,35457,0
288,산업,자동차 신품 부품 제조업,주식회사 베어링아트,7441,8566,9009,8343,0
289,산업,기초 화학물질 제조업,주식회사 에어퍼스트,0,0,75351,110578,0
290,산업,"펄프, 종이 및 판지 제조업",주식회사 전주페이퍼,0,47381,95130,0,0
291,산업,"시멘트, 석회, 플라스터 및 그 외 제품 제조업",주식회사 태경비케이,0,0,1889,0,0
292,수송,항공 여객 운송업,주식회사 티웨이항공,102138,136751,71295,42925,0
293,산업,"펄프, 종이 및 판지 제조업",진영페이퍼 주식회사,8360,7079,7218,8014,0
294,건물,병원,학교법인 가톨릭학원,86474,90187,91512,87431,0
295,건물,고등 교육기관,학교법인 건국대학교,44645,45462,45128,44170,0
296,건물,고등 교육기관,학교법인 성균관대학,20747,21976,22139,21698,0
297,건물,고등 교육기관,학교법인 연세대학교,12692,15498,20375,22940,0
298,산업,"시멘트, 석회, 플라스터 및 그 외 제품 제조업",한일시멘트 주식회사,0,0,122269,0,0
299,산업,기초 화학물질 제조업,한화솔루션 주식회사,1,33167,6673,50716,0
300,산업,기초 화학물질 제조업,한화임팩트 주식회사,3715,3908,4648,4493,0
301,산업,반도체 제조업,해성디에스 주식회사,143,656,1060,3316,0
302,산업,기초 화학물질 제조업,효성네오켐 주식회사,0,0,0,1583,0
303,수송,도로 화물 운송업,롯데글로벌로지스(주),0,10302,10641,9339,0
304,산업,기타 화학제품 제조업,에스엔에프코리아(주),0,0,0,8127,0
305,산업,전자 부품 제조업,한국경남태양유전(주),0,0,0,11880,0
306,산업,"항공기, 우주선 및 부품 제조업",한국항공우주산업(주),8341,9243,8750,0,0
307,산업,석유 정제품 제조업,에이치디현대오일뱅크,302894,763651,7169,803934,0
308,산업,"펄프, 종이 및 판지 제조업",한솔페이퍼텍주식회사,19073,19004,24747,30505,0
309,산업,합성고무 및 플라스틱 물질 제조업,금호석유화학 주식회사,177381,121129,3978,20378,0
310,산업,"펄프, 종이 및 판지 제조업",나투라페이퍼 주식회사,5314,8922,10928,9305,0
311,건물,일반 및 생활 숙박시설 운영업,롯데관광개발 주식회사,0,0,0,0,28998
312,산업,기초 화학물질 제조업,롯데정밀화학 주식회사,0,0,2,0,0
313,산업,비알코올 음료 및 얼음 제조업,롯데칠성음료 주식회사,1702,10270,10174,11104,1718
314,수송,육상 여객 운송업,서울시메트로 9호선(주),2323,2362,2332,2239,0
315,산업,"시멘트, 석회, 플라스터 및 그 외 제품 제조업",아세아시멘트 주식회사,0,0,75592,0,0
316,건물,,에스케이엔텀 주식회사,0,0,0,8669,0
317,건물,일반 및 생활 숙박시설 운영업,제주신화월드 주식회사,0,3324,5099,6651,0
318,산업,"내화, 비내화 요업제품 제조업",주식회사 대한세라믹스,1459,1453,0,0,0
319,산업,금속 주조업,주식회사 알테크노메탈,14518,11934,0,2432,0
320,산업,기타 식품 제조업,주식회사 에스피씨삼립,41935,43933,46929,46966,0
321,폐기물,폐기물 처리업,주식회사 영흥산업환경,0,0,43466,46410,0
322,전환,"증기, 냉ㆍ온수 및 공기 조절 공급업",주식회사 지에스이앤알,20779,132,0,60,0
323,산업,기초 화학물질 제조업,주식회사 코리아에어텍,43639,44824,50287,49180,0
324,산업,"시멘트, 석회, 플라스터 및 그 외 제품 제조업",주식회사 포스코퓨처엠,77225,0,0,248974,0
325,산업,석유 정제품 제조업,지에스칼텍스 주식회사,0,1128201,1103423,929106,0
326,산업,"비료, 농약 및 살균ㆍ살충제 제조업",케이지케미칼 주식회사,0,0,0,10510,0
327,산업,1차 철강 제조업,포스코홀딩스 주식회사,1,257,257,255,255
328,전환,전기업,포천민자발전 주식회사,61408,174412,0,0,0
329,건물,고등 교육기관,학교법인 고려중앙학원,1697,3756,4791,5421,0
330,전환,전기업,한국남부발전 주식회사,1269007,2007859,0,4141327,0
331,전환,전기업,한국동서발전 주식회사,363052,1065420,1668111,2003055,0
332,산업,일차전지 및 축전지 제조업,한국앤컴퍼니 주식회사,37479,36218,41160,45629,0
333,산업,일차전지 및 축전지 제조업,(주)에코프로머티리얼즈,0,0,0,19250,0
334,폐기물,폐기물 처리업,(주)케이비아이국인산업,0,0,0,183204,183204
335,산업,기초 화학물질 제조업,미원스페셜티케미칼(주),21126,33711,30445,34364,0
336,산업,반도체 제조업,온세미컨덕터코리아(주),0,7049,34700,47595,0
337,산업,비알코올 음료 및 얼음 제조업,제주특별자치도개발공사,0,3112,2753,2044,0
338,산업,합성고무 및 플라스틱 물질 제조업,한국엔지니어링플라스틱,0,0,0,25,0
339,건물,고등 교육기관,국립대학법인 서울대학교,0,1861,2302,3178,0
340,산업,기초 화학물질 제조업,금호미쓰이화학 주식회사,800,0,1138,62472,0
341,산업,기초 화학물질 제조업,금호피앤비화학 주식회사,343030,308926,308926,306032,306032
342,산업,합성고무 및 플라스틱 물질 제조업,도레이첨단소재 주식회사,11967,0,0,0,0
343,폐기물,폐기물 처리업,리뉴에너지경인 주식회사,8,0,7,0,0
344,폐기물,폐기물 처리업,리뉴에너지대원 주식회사,0,0,2235,0,0
345,전환,"증기, 냉ㆍ온수 및 공기 조절 공급업",보임열병합발전 주식회사,308737,260839,104615,0,0
346,산업,일차전지 및 축전지 제조업,삼성에스디아이 주식회사,0,0,13493,0,0
347,폐기물,폐기물 처리업,신대한정유산업 주식회사,3398,5663,8740,8161,0
348,전환,"증기, 냉ㆍ온수 및 공기 조절 공급업",씨엔씨티에너지 주식회사,3310,0,0,0,0
349,전환,전기업,씨지앤율촌전력 주식회사,24705,0,0,0,0
350,산업,유리 및 유리제품 제조업,에스지씨에너지 주식회사,0,0,0,1635220,1635220
351,산업,반도체 제조업,에스케이실트론 주식회사,7679,21935,19676,33651,0
352,산업,석유 정제품 제조업,에스케이에너지 주식회사,0,0,96580,99466,0
353,산업,전기 통신업,에스케이텔레콤 주식회사,0,226548,297255,354668,0
354,산업,1차 철강 제조업,주식회사 세아베스틸지주,0,18,24,32,0
355,건물,일반 및 생활 숙박시설 운영업,주식회사 소노인터내셔널,77454,88302,87671,83317,0
356,산업,플라스틱 제품 제조업,주식회사 엘엑스하우시스,0,1279,0,0,0
357,산업,"자료 처리, 호스팅, 포털 및 기타 인터넷 정보 매개 서비스업",주식회사 케이티클라우드,0,75949,106546,126844,0
358,산업,기초 화학물질 제조업,티케이지휴켐스 주식회사,0,0,23759,51303,0
359,산업,플라스틱 제품 제조업,피아이첨단소재 주식회사,0,0,0,8192,0
360,건물,고등 교육기관,학교법인 포항공과대학교,23,25,26,24,0
361,산업,"시멘트, 석회, 플라스터 및 그 외 제품 제조업",한일현대시멘트 주식회사,20927,33526,95121,0,0
362,산업,1차 철강 제조업,현대아이에프씨 주식회사,0,0,2167,1828,0
363,산업,1차 철강 제조업,현대종합특수강 주식회사,19517,0,17593,16924,0
364,산업,전자 부품 제조업,롯데에너지머티리얼즈(주),0,0,0,52,0
365,산업,"전동기, 발전기 및 전기 변환ㆍ공급ㆍ제어 장치 제조업",에이치디현대일렉트릭(주),0,0,0,1017,0
366,산업,반도체 제조업,엠코테크놀로지코리아(주),10316,15867,19937,28203,0
367,건물,부동산 임대 및 공급업,서울특별시농수산식품공사,6990,6973,6807,6665,0
368,전환,"증기, 냉ㆍ온수 및 공기 조절 공급업",주식회사 GS구미열병합발전,0,0,0,252,0
369,산업,기초 화학물질 제조업,롯데이네오스화학 주식회사,76494,81392,71608,61789,0
370,전환,연료용 가스 제조 및 배관공급업,보령엘엔지터미널 주식회사,606,2259,2296,7629,0
371,산업,기초 의약 물질 및 생물학적 제제 제조업,삼성바이오로직스 주식회사,1422,35042,88224,100834,0
372,산업,전자 부품 제조업,솔브레인에스엘디 주식회사,5974,0,0,0,0
373,산업,1차 비철금속 제조업,에스케이넥실리스 주식회사,85029,130294,64772,2272,0
374,산업,기초 화학물질 제조업,에스케이스페셜티 주식회사,0,9151,0,6640,0
375,산업,반도체 제조업,에스케이하이닉스 주식회사,60137,566237,180981,935888,0
376,산업,기초 화학물질 제조업,에어리퀴드코리아 주식회사,46875,15775,44277,51636,0
377,산업,선박 및 보트 건조업,에이치디현대미포 주식회사,0,0,909,1384,0
378,산업,선박 및 보트 건조업,에이치디현대삼호 주식회사,4712,7676,18795,0,0
379,산업,반도체 제조업,유한회사 스태츠칩팩코리아,0,3172,0,0,0
380,산업,기초 화학물질 제조업,인프라에어홀딩스 주식회사,0,0,0,105,0
381,산업,"시멘트, 석회, 플라스터 및 그 외 제품 제조업",주식회사 에스피에스엔에이,17944,19028,17210,13053,0
382,산업,일차전지 및 축전지 제조업,주식회사 엘지에너지솔루션,6381,32699,60489,122425,0
383,전환,전기업,주식회사 포스코인터내셔널,0,1327769,1755368,3941324,3941324
384,산업,합성고무 및 플라스틱 물질 제조업,코오롱인더스트리 주식회사,0,147,152,162,0
385,전환,"증기, 냉ㆍ온수 및 공기 조절 공급업",평택에너지앤파워 주식회사,131188,284125,314149,0,0
386,산업,기초 화학물질 제조업,한화토탈에너지스 주식회사,141267,99330,0,129961,0
387,산업,화학섬유 제조업,에이치에스효성첨단소재(주),0,0,72302,82107,0
388,산업,반도체 제조업,제이셋스태츠칩팩코리아(유),18510,25664,33583,0,0
389,산업,고무제품 제조업,한국타이어앤테크놀로지(주),661,0,0,0,0
390,산업,기초 화학물질 제조업,에이치디현대케미칼주식회사,241937,1766897,1135372,1585765,0
391,산업,기초 화학물질 제조업,에스케이에어플러스 주식회사,151062,36272,60927,79049,0
392,산업,기타 화학제품 제조업,에스케이에코프라임 주식회사,33,37,0,35,0
393,산업,반도체 제조업,에스케이키파운드리 주식회사,0,46,0,45,0
394,산업,선박 및 보트 건조업,에이치디현대중공업 주식회사,0,12299,61490,60425,0
395,건물,고등 교육기관,재단법인 대구경북과학기술원,0,62,739,385,0
396,산업,반도체 제조업,주식회사 에스에프에이반도체,10491,10768,0,0,0
397,산업,합성고무 및 플라스틱 물질 제조업,코오롱바스프이노폼 주식회사,0,392,0,148,0
398,산업,무기 및 총포탄 제조업,한화에어로스페이스 주식회사,0,0,42470,47074,0
399,산업,반도체 제조업,에이치디현대에너지솔루션(주),0,0,130,0,0
400,산업,플라스틱 제품 제조업,에스케이마이크로웍스 주식회사,0,0,70,150,0
401,산업,기초 화학물질 제조업,에이치디현대오씨아이 주식회사,0,0,13,7,0
402,산업,선박 및 보트 건조업,에이치에스지성동조선 주식회사,32572,32572,33400,33087,32267
403,전환,"증기, 냉ㆍ온수 및 공기 조절 공급업",주식회사 지에스포천그린에너지,0,0,15861,14458,0
404,산업,1차 철강 제조업,주식회사 포스코모빌리티솔루션,0,6080,0,0,0
405,산업,합성고무 및 플라스틱 물질 제조업,롯데베르살리스엘라스토머스(주),649,60405,35099,64104,0
406,산업,기초 화학물질 제조업,에스케이피아이씨글로벌 주식회사,206,375,0,0,0
407,산업,합성고무 및 플라스틱 물질 제조업,한국이네오스스티롤루션 주식회사,36,0,0,0,0
408,산업,합성고무 및 플라스틱 물질 제조업,스미토모세이카폴리머스코리아(주),0,8935,6084,0,0
409,산업,플라스틱 제품 제조업,에스케이마이크로웍스솔루션즈 주식회사,6496,0,6464,8614,0
410,산업,일차전지 및 축전지 제조업,한국유미코아배터리머티리얼즈 유한책임회사,153,0,0,0,0
